SKU,Color
01-01-01-001,Ezüst
01-01-01-002,Ezüst
01-01-01-003,Barna
01-01-01-004,Szürke
01-01-01-006,Szürke
01-01-01-007,Szürke
01-01-01-008,Szürke
01-01-01-009,Szürke
01-01-01-010,Ezüst
01-01-01-019,Bordó
01-01-01-028,Barna
01-01-01-032,Barna
01-01-01-035,Fekete
01-01-01-037,Barna
01-01-01-053,Szürke
01-01-01-056,Barna
01-01-01-057,Barna
01-01-01-063,Barna
01-01-01-064,Barna
01-01-01-065,Barna
01-01-01-076,Barna
01-01-01-077,Szürke
01-01-01-092,Barna
01-01-01-093,Szürke
01-01-01-094,Szürke
01-01-01-095,Szürke
01-01-01-096,Szürke
01-01-01-097,Szürke
01-01-01-098,Szürke
01-01-01-099,Szürke
01-01-01-100,Szürke
01-01-01-101,Szürke
ESSIE01-ESSIE-GEL-COUTURE-20-10-MATT-F,Nude
ESSIE01-ESSIE-GEL-COUTURE-20-10-SHEER-,Nude
ESSIE01-ESSIE-GEL-COUTURE-20-102-ATELI,Nude
ESSIE01-ESSIE-GEL-COUTURE-20-135-FIRST,Ezüst
ESSIE01-ESSIE-GEL-COUTURE-20-136-FIRST,Átlátszó
ESSIE01-ESSIE-GEL-COUTURE-20-138-PRE-S,Átlátszó
ESSIE01-ESSIE-GEL-COUTURE-20-150-HAUTE,Rózsaszín
ESSIE01-ESSIE-GEL-COUTURE-20-186-PAISL,Barna
ESSIE01-ESSIE-GEL-COUTURE-20-252-FAB-F,Barna
ESSIE01-ESSIE-GEL-COUTURE-20-260-FLASH,Pink
ESSIE01-ESSIE-GEL-COUTURE-20-270-ROCK-,Pink
ESSIE01-ESSIE-GEL-COUTURE-20-345-BUBBL,Barna
ESSIE01-ESSIE-GEL-COUTURE-20-360-SPIKE,Barna
ESSIE01-ESSIE-GEL-COUTURE-20-370-MODEL,Barna
ESSIE01-ESSIE-GEL-COUTURE-20-40-FAIRY-,Nude
ESSIE01-ESSIE-GEL-COUTURE-20-400-CAVIA,Barna
ESSIE01-ESSIE-GEL-COUTURE-20-402-JEWEL,Zöld
ESSIE01-ESSIE-GEL-COUTURE-20-450-PREFE,Átlátszó
ESSIE01-ESSIE-GEL-COUTURE-20-470-SIZZL,Pink
ESSIE01-ESSIE-GEL-COUTURE-20-473-VIPLE,Pink
ESSIE01-ESSIE-GEL-COUTURE-20-484-MATTE,Fehér
ESSIE01-ESSIE-GEL-COUTURE-20-485-PRINC,Ezüst
ESSIE01-ESSIE-GEL-COUTURE-20-50-STITCH,Rózsaszín
ESSIE01-ESSIE-GEL-COUTURE-20-504-OF-CO,Nude
ESSIE01-ESSIE-GEL-COUTURE-20-505-GOSSA,Nude
ESSIE01-ESSIE-GEL-COUTURE-20-506-BODIC,Nude
ESSIE01-ESSIE-GEL-COUTURE-20-507-LAST-,Nude
ESSIE01-ESSIE-GEL-COUTURE-20-509-PAINT,Barna
ESSIE01-ESSIE-GEL-COUTURE-20-514-LIKE-,Szürke
ESSIE01-ESSIE-GEL-COUTURE-20-523-NOT-W,Szürke
ESSIE01-ESSIE-GEL-COUTURE-20-542-ALL-C,Barna
ESSIE01-ESSIE-GEL-COUTURE-20-545-TASSE,Ezüst
ESSIE01-ESSIE-GEL-COUTURE-20-546-CUT-L,Szürke
ESSIE01-ESSIE-GEL-COUTURE-20-548-IN-VE,Zöld
ESSIE01-ESSIE-GEL-COUTURE-20-549-WOVEN,Barack
ESSIE01-ESSIE-GEL-COUTURE-20-551-BLING,Ezüst
ESSIE01-ESSIE-GEL-COUTURE-20-553-PINKY,Rózsaszín
ESSIE01-ESSIE-GEL-COUTURE-20-554-MULTI,Szürke
ESSIE01-ESSIE-GEL-COUTURE-20-70-TAKE-M,Szürke
ESSIE01-ESSIE-GEL-COUTURE-20-TOP-COAT-,Átlátszó
ESSIE02-ESSIE-CARE-TO-THE-RESCUE-260-R,Rózsaszín
ESSIE02-ESSIE-GEL-BY-ESSIE-LIQUID-DIAM-2,Átlátszó
ESSIE02-ESSIE-GEL-BY-ESSIE-LIQUID-DIAM-3,Átlátszó
ESSIE02-ESSIE-GEL-BY-ESSIE-LIQUID-DIAM-4,Átlátszó
ESSIE02-ESSIE-GEL-BY-ESSIE-LIQUID-DIAM-5,Átlátszó
ESSIE02-ESSIE-GEL-BY-ESSIE-LIQUID-DIAM,Átlátszó
ESSIE02-ESSIE-GEL-COUTURE-20-180-DRESS,Ezüst
ESSIE02-ESSIE-GEL-COUTURE-20-552-STATE,Szürke
ESSIE02-ESSIE-GEL-COUTURE-GEL-HATASU-K-10,Ezüst
ESSIE02-ESSIE-GEL-COUTURE-GEL-HATASU-K-2,Ezüst
ESSIE02-ESSIE-GEL-COUTURE-GEL-HATASU-K-3,Ezüst
ESSIE02-ESSIE-GEL-COUTURE-GEL-HATASU-K-4,Ezüst
ESSIE02-ESSIE-GEL-COUTURE-GEL-HATASU-K-5,Ezüst
ESSIE02-ESSIE-GEL-COUTURE-GEL-HATASU-K-6,Ezüst
ESSIE02-ESSIE-GEL-COUTURE-GEL-HATASU-K-7,Ezüst
ESSIE02-ESSIE-GEL-COUTURE-GEL-HATASU-K-8,Ezüst
ESSIE02-ESSIE-GEL-COUTURE-GEL-HATASU-K-9,Ezüst
ESSIE02-ESSIE-GEL-COUTURE-GEL-HATASU-K,Ezüst
ESSIE02-ESSIE-GOOD-AS-NEW-REGENERALO-K,Nude
ESSIE02-ESSIE-KOROMLAKK-3-MARSHMALLOW-,Fehér
ESSIE02-ESSIE-KOROMLAKK-30-BACHELORETT,Pink
ESSIE02-ESSIE-KOROMLAKK-387-APRES-CHIC,Ezüst
ESSIE02-ESSIE-KOROMLAKK-515-LIEBLINGS-,Pink
ESSIE02-ESSIE-KOROMLAKK-557-DOPAMINE-R,Zöld
ESSIE02-ESSIE-KOROMLAKK-558-NEW-HIGHS-,Kék
ESSIE02-ESSIE-KOROMLAKK-559-FUEL-YOUR-,Rózsaszín
ESSIE02-ESSIE-KOROMLAKK-560-REV-IT-UP-,Nude
ESSIE02-ESSIE-KOROMLAKK-62-LACQUERED-U,Piros
ESSIE02-ESSIE-KOROMLAKK-8-LIMO-SCENE-1,Fehér
ESSIE02-ESSIE-KOROMLAKK-93-MEZMERISED-,Kék
ESSIE02-ESSIE-NAIL-ART-STUDIO-EFFECTS--2,Ezüst
ESSIE02-ESSIE-NAIL-ART-STUDIO-EFFECTS--3,Ezüst
ESSIE02-ESSIE-NAIL-ART-STUDIO-EFFECTS--4,Ezüst
ESSIE02-ESSIE-NAIL-ART-STUDIO-EFFECTS--5,Ezüst
ESSIE02-ESSIE-NAIL-ART-STUDIO-EFFECTS--6,Ezüst
ESSIE02-ESSIE-NAIL-ART-STUDIO-EFFECTS--7,Ezüst
ESSIE02-ESSIE-NAIL-ART-STUDIO-EFFECTS--8,Ezüst
ESSIE02-ESSIE-NAIL-ART-STUDIO-EFFECTS--9,Ezüst
ESSIE02-ESSIE-NAIL-ART-STUDIO-EFFECTS-,Ezüst
ESSIE02-ESSIE-STAY-LONGER-TARTOS-FEDOL,Átlátszó
ESSIE03-ESSIE-KOROMLAKK-14-FIJI-135-ML,Nude
ESSIE03-ESSIE-KOROMLAKK-15-SUGAR-DADDY,Fehér
ESSIE03-ESSIE-KOROMLAKK-17-MUCHI-MUCHI,Fehér
ESSIE03-ESSIE-KOROMLAKK-219-BIKINI-SO-,Ezüst
ESSIE03-ESSIE-KOROMLAKK-24-IN-STITCHES,Rózsaszín
ESSIE03-ESSIE-KOROMLAKK-266-NAUGHTY-NA,Menta
ESSIE03-ESSIE-KOROMLAKK-275-A-CUT-ABOV,Szürke
ESSIE03-ESSIE-KOROMLAKK-277-PURE-PEARL,Átlátszó
ESSIE03-ESSIE-KOROMLAKK-374-SALT-WATER,Ezüst
ESSIE03-ESSIE-KOROMLAKK-389-PEAK-SHOW-,Fehér
ESSIE03-ESSIE-KOROMLAKK-40-DEMURE-VIX-,Ezüst
ESSIE03-ESSIE-KOROMLAKK-41-ISLAND-HOPP,Szürke
ESSIE03-ESSIE-KOROMLAKK-42-ANGORA-CARD,Barna
ESSIE03-ESSIE-KOROMLAKK-49-WICKED-135-,Szürke
ESSIE03-ESSIE-KOROMLAKK-513-SHEER-LUCK,Fehér
ESSIE03-ESSIE-KOROMLAKK-57-FOREVER-YUM,Piros
ESSIE03-ESSIE-KOROMLAKK-6-BALLET-SLIPE,Nude
ESSIE03-ESSIE-KOROMLAKK-61-RUSSIAN-ROU,Narancs
ESSIE03-ESSIE-KOROMLAKK-63-TOO-TOO-HOT,Pink
ESSIE03-ESSIE-KOROMLAKK-64-FIFTH-AVENU,Narancs
ESSIE03-ESSIE-KOROMLAKK-648-SUMMER-SOU,Nude
ESSIE03-ESSIE-KOROMLAKK-67-MEET-ME-AT-,Narancs
ESSIE03-ESSIE-KOROMLAKK-718-SUITS-YOU-,Ezüst
ESSIE03-ESSIE-KOROMLAKK-73-CUTE-AS-A-B,Rózsaszín
ESSIE03-ESSIE-KOROMLAKK-819-BOATLOADS-,Fehér
ESSIE03-ESSIE-KOROMLAKK-820-SWOON-IN-T,Rózsaszín
ESSIE03-ESSIE-KOROMLAKK-88-LICORICE-13,Barna
ESSIE03-ESSIE-KOROMLAKK-92-ARUBA-BLUE-,Kék
ESSIE03-ESSIE-KOROMLAKK-FERRIS-OF-THEM,Szürke
ESSIE04-ESSIE-GOURMET-GROCERY-KOROMLAK-2,Nude
ESSIE04-ESSIE-GOURMET-GROCERY-KOROMLAK-3,Nude
ESSIE04-ESSIE-GOURMET-GROCERY-KOROMLAK-4,Nude
ESSIE04-ESSIE-GOURMET-GROCERY-KOROMLAK,Nude
ESSIE04-ESSIE-KOROMLAKK-1014-FRINGES-S,Barna
ESSIE04-ESSIE-KOROMLAKK-203-COCTAIL-BL,Ezüst
ESSIE04-ESSIE-KOROMLAKK-278-SET-IN-STO,Ezüst
ESSIE04-ESSIE-KOROMLAKK-282-SHEARLING-,Barna
ESSIE04-ESSIE-KOROMLAKK-313-ROMPER-ROO,Fehér
ESSIE04-ESSIE-KOROMLAKK-399-OFF-TROPIC,Szürke
ESSIE04-ESSIE-KOROMLAKK-413-MRS-ALWAYS,Szürke
ESSIE04-ESSIE-KOROMLAKK-44-BAHAMA-MAMA,Barna
ESSIE04-ESSIE-KOROMLAKK-50-BORDEAUX-13,Barna
ESSIE04-ESSIE-KOROMLAKK-516-NAILED-IT-,Barna
ESSIE04-ESSIE-KOROMLAKK-55-A-LIST-135-,Pink
ESSIE04-ESSIE-KOROMLAKK-56-FISHNET-STO,Barna
ESSIE04-ESSIE-KOROMLAKK-570-MANI-THANK,Nude
ESSIE04-ESSIE-KOROMLAKK-59-APERITIF-13,Narancs
ESSIE04-ESSIE-KOROMLAKK-679-FLYING-SOL,Rózsaszín
ESSIE04-ESSIE-KOROMLAKK-72-PEACH-DAIQU,Rózsaszín
ESSIE04-ESSIE-KOROMLAKK-823-WILLOW-IN-,Szürke
ESSIE04-ESSIE-KOROMLAKK-857-PENCIL-ME-,Pink
ESSIE04-ESSIE-KOROMLAKK-858-HANDMADE-W,Barack
ESSIE04-ESSIE-KOROMLAKK-94-LAPIZ-OF-LU,Ezüst
ESSIE04-ESSIE-KOROMLAKK-954-OFFBEAT-CH,Kék
ESSIE04-ESSIE-KOROMLAKK-955-NEVER-BASI,Barack
ESSIE04-ESSIE-KOROMLAKK-958-MISMATCH-T,Szürke
ESSIE04-ESSIE-KOROMLAKK-989-ALWAYS-MOR,Barna
ESSIE04-ESSIE-KOROMLAKK-990-STAY-FLUID,Fehér
ESSIE04-ESSIE-KOROMLAKK-992-PLAYFUL-AN,Rózsaszín
ESSIE04-ESSIE-KOROMLAKK-993-BE-THEM-AL,Barack
ESSIE04-ESSIE-KOROMLAKK-994-THIS-AND-T,Menta
ESSIE04-ESSIE-KOROMLAKK-ORIGINAL-893-C,Szürke
ESSIE04-ESSIE-KOROMLAKK-ORIGINAL-894-U,Zöld
ESSIE04-ESSIE-KOROMLAKK-ORIGINAL-896-T,Zöld
ESSIE04-ESSIE-KOROMLAKK-ORIGINAL-897-N,Barna
ESSIE04-ESSIE-NAIL-COLOR-1004-SEIZE-TH,Zöld
ESSIE04-ESSIE-NAIL-COLOR-1005-NO-PRINC,Nude
ESSIE04-ESSIE-NAIL-COLOR-1006-JUST-TAK,Pink
ESSIE04-ESSIE-NAIL-COLOR-1007-BRAVE-AN,Kék
ESSIE05-ESSIE-EXPRESSIE-0-CROP-TOP-AND,Nude
ESSIE05-ESSIE-EXPRESSIE-10-SCOND-HAND-,Rózsaszín
ESSIE05-ESSIE-EXPRESSIE-160-IN-A-FLASH,Barack
ESSIE05-ESSIE-EXPRESSIE-190-SEIZE-THE-,Pink
ESSIE05-ESSIE-EXPRESSIE-195-NOTIFICATI,Barna
ESSIE05-ESSIE-EXPRESSIE-200-IN-THE-TIM,Nude
ESSIE05-ESSIE-EXPRESSIE-210-THROW-IT-O,Nude
ESSIE05-ESSIE-EXPRESSIE-220-GET-A-MAUV,Szürke
ESSIE05-ESSIE-EXPRESSIE-235-CRAVE-THE-,Rózsaszín
ESSIE05-ESSIE-EXPRESSIE-30-TREND-SNAP-,Rózsaszín
ESSIE05-ESSIE-EXPRESSIE-320-PRECIOUS-C,Szürke
ESSIE05-ESSIE-EXPRESSIE-335-UP-UP-AWAY,Szürke
ESSIE05-ESSIE-EXPRESSIE-340-AIR-DRY-10,Ezüst
ESSIE05-ESSIE-EXPRESSIE-345-MILLENNIUM,Nude
ESSIE05-ESSIE-EXPRESSIE-390-ALWAYS-TRA,Átlátszó
ESSIE05-ESSIE-EXPRESSIE-430-SK8-WITH-D,Ezüst
ESSIE05-ESSIE-EXPRESSIE-475-SEND-A-MES,Pink
ESSIE05-ESSIE-EXPRESSIE-485-WORD-ON-TH,Menta
ESSIE05-ESSIE-EXPRESSIE-490-SPRAY-IT-T,Pink
ESSIE05-ESSIE-EXPRESSIE-495-OUTSIDE-TH,Arany
ESSIE05-ESSIE-EXPRESSIE-500-UNAPOLEGET,Átlátszó
ESSIE05-ESSIE-KOROMLAKK-1010-TOO-HOT-T,Szürke
ESSIE05-ESSIE-KOROMLAKK-1011-SAVE-A-CO,Barna
ESSIE05-ESSIE-KOROMLAKK-1012-BOHO-RODE,Barna
ESSIE05-ESSIE-KOROMLAKK-20-BARN-BOHEME,Barack
ESSIE05-ESSIE-KOROMLAKK-5-CHARM-TO-STA,Nude
ESSIE05-ESSIE-KOROMLAKK-604-PRESS-PAUS,Ezüst
ESSIE05-ESSIE-KOROMLAKK-752-WINK-OF-SL,Lila
ESSIE05-ESSIE-KOROMLAKK-ORIGINAL-855-I,Ezüst
ESSIE05-ESSIE-KOROMLAKK-ORIGINAL-856-P,Arany
ESSIE05-ESSIE-KOROMLAKK-ORIGINAL-895-S,Barack
ESSIE05-ESSIE-KOROMLAKK-ORIGINAL-GLASS-2,Nude
ESSIE05-ESSIE-KOROMLAKK-ORIGINAL-GLASS-3,Nude
ESSIE05-ESSIE-KOROMLAKK-ORIGINAL-GLASS-4,Nude
ESSIE05-ESSIE-KOROMLAKK-ORIGINAL-GLASS-5,Nude
ESSIE05-ESSIE-KOROMLAKK-ORIGINAL-GLASS-6,Nude
ESSIE05-ESSIE-KOROMLAKK-ORIGINAL-GLASS,Nude
ESSIE05-ESSIE-NAIL-COLOR-967-SOL-SEARC,Arany
ESSIE05-ESSIE-NAIL-COLOR-968-GLISTEN-T,Nude
ESSIE05-ESSIE-PIPE-961-TULIPS-TOUCH-KO,Ezüst
PNSHF007,Barna
PNZHF4100,Átlátszó
PNZHF4117,Lila
PNZHF4122,Pink
PNZHF4130,Szürke
PNZHF8122-13,Barna
PNZHF8122-16,Szürke
PNZHF8122-21,Barna
PNZHF8122,Pink
PNZHF8132,Szürke
PNZHF8137-11,Lila
PNZHF8137-14,Lila
PNZHF8137-17,Barna
PNZHF8137-18,Zöld
PNZHF8137-19,Szürke
PNZHF8137-22,Zöld
PNZHF8137,Ezüst
PNZHF8147-10,Ezüst
PNZHF8147-12,Szürke
PNZHF8147-15,Nude
PNZHF8147-20,Szürke
PNZHF8147-9,Nude
PNZHF8147,Nude
